release_speed,d,m_b,wave_amplitude,wave_period,wave_direction,winch_offset_x,winch_offset_y,T,R_offset,sigma_max,success,target_reached,final_height,safety_factor,sim_time
0.9089557691502705,0.03274549068260848,767.1210312013293,0.4993750186196802,9.988227831514044,-56.195150291182706,-0.845142462748794,1.901741961840381,1520.8291948898507,68.34758651018167,124.2350813511717,True,True,24.992775243436654,5.352428712129813,29.274177074432373
0.6052580114281779,0.040177956152170693,984.4380296365113,1.5334786630296913,7.669516859989917,-24.351213629859373,-3.1804267748534163,3.2215951597769035,2282.602506592533,53.18827613582478,175.32764079207013,True,True,25.277785327164793,2.519254689905948,40.92544865608215
1.1227947662272229,0.025034579950454425,482.58553242011124,2.4499959410417023,7.1552390324893285,-34.5476834282922,-1.9963372530493628,-1.4866401401652753,1232.4581688020062,86.74817032402743,223.57019699203389,True,True,24.898874051695202,5.088662156752792,24.80846357345581
0.6113782888012091,0.03591484556531477,622.9991849440945,1.3854193211251067,7.4807138134915565,-10.536860144795526,-0.3430952694884768,4.504061283445724,2260.6662468539234,62.4364138614732,156.86639267203455,True,True,24.66150832942708,3.5238728490850844,38.02506995201111
0.18179805623258233,0.033212923878609746,517.9566628308629,3.2785001104434968,12.733759811833066,-41.57033608400835,-2.6533636686313606,-0.08372674933531421,7599.997504882301,62.17976564215331,207.02746330263722,True,True,24.953912723200347,3.1221658175988165,103.98921942710876
1.4748498414197342,0.0478857032892247,559.4960234699663,1.990162584534353,15.0209675248256,29.689280195632193,2.826565202621227,0.08895898700871907,936.8521427654647,52.68696368377492,130.94440575211746,True,True,24.576093006519386,2.3746491698180936,22.24781036376953
1.2255563286804378,0.04206385828842093,1362.0013769628733,3.4296502921868277,12.401634452812232,-32.995914427332075,3.9118543276717084,4.777408871122255,1127.1655319908277,60.71109855728919,182.42995982568064,True,True,25.020390206889942,2.2089392486985133,25.7900972366333
0.774468973928079,0.04537617572677061,657.9030450280852,1.904559821507041,11.541449629776192,-25.80996646382205,-2.1956545133101484,-0.9706248571770031,1783.6879247487384,47.53660608066235,164.56149805765497,True,True,24.92384455487354,2.104331379212193,36.03591799736023
0.10639242939998966,0.023945309012212125,1341.6118925888188,0.850562370342026,7.871147770679007,23.767385874227173,4.973176915897559,3.4489339195344204,12999.524688633406,90.2161362878919,126.82728123491744,True,True,25.00491165216431,9.80493166123818,179.17010021209717
0.5400654462178072,0.03852265147493392,1169.125458874664,3.7016342651289555,15.963300780279164,63.760687841864495,1.8053709809573402,-0.7229872761383014,2559.354266770334,59.37165417090756,168.16504761406176,True,True,24.695110041189537,2.857130438617072,46.97058844566345
0.7533745130442707,0.03407220574811998,1232.7896942300094,0.5720687863043841,8.872160990858267,-2.4526076867451962,0.4097050811754439,-2.5577346537814236,1834.483702070928,65.36610187885017,117.41295700358735,True,True,25.11176961234537,5.230962669253193,36.321531534194946
1.3571777438669121,0.03228079291089228,1452.7153184593026,2.684424782183808,8.944230465553247,50.892702241282905,-4.912689011143485,-1.5787853241398606,1018.4980480966965,68.8180910217557,199.85629780277276,True,True,25.37991426955864,3.423670178967162,25.455093145370483
0.3561682793153157,0.026774153160299206,1468.2299114681923,2.1493098609338985,15.386427413661549,83.92565894892581,-2.40823374518244,4.628852952831535,3882.739163928443,77.17488481782509,164.83640659895042,True,True,24.572403667428716,6.03411413220813,62.69726252555847
0.13887185918059858,0.04968636054224294,548.2595774678432,0.9470685258123548,6.612951129730813,-22.280855392223643,-1.056972036229201,3.974704579400596,9947.512523675041,44.31807419268842,146.2416313427951,True,True,24.737383634582784,1.9749347419527168,142.63911056518555
0.7421457590773636,0.04887159143858792,417.3484082559115,3.6268108215056123,13.530185058770599,-48.86879165088961,2.695988370028112,1.546586394912195,1861.1888910990433,49.26429495754582,179.51094688687203,True,True,25.565871217113454,1.6630076419795643,37.84280824661255
1.4897782855440271,0.030028192111819764,598.7333351829017,3.552749148396896,10.494798228267264,-84.36147934330018,-1.6662326515415984,2.8569344763917446,928.5056934012416,79.90193706657264,209.95586591987754,True,True,25.11094672905915,3.7662726927893777,24.852139472961426
1.4631904480648554,0.01649290549967225,1317.4411054719467,1.2960567943771022,9.80236735753745,62.21954293979661,2.301135563564822,-4.002850483878712,946.9843796351649,119.85301962216815,151.09225883562252,True,True,24.78003891596063,17.348486421331927,22.6513614654541
0.2932252137682747,0.01610149224633748,963.2589715912457,3.9485703250036845,15.81416770864523,-52.854090737297675,0.7577716931281273,2.553533993452991,4722.378783380111,112.64618184581693,180.89885556295508,True,True,24.761646300687744,15.20302717610471,74.17472743988037
0.6692139354815033,0.031508198147397304,610.0264650398617,1.457768060882602,7.070136067461869,38.201372820269256,-0.9782864905242947,-2.487020096479971,2065.8611205281313,68.33273154893503,171.71234716175263,True,True,25.01405356478722,4.182630355076352,37.91111612319946
0.4300456409425243,0.019132609187201666,673.3713638829684,0.8805685955806091,6.214845777020124,-68.98370092805678,1.03412567321414,-3.096080936489707,3218.4191279516644,101.12158733473908,162.15065844012747,True,True,25.00863640661555,12.012434376975568,53.230520725250244
1.3056145334457718,0.0277242448177523,1331.5467901365769,1.7657229035816315,11.930643441326065,-14.334575138690496,2.896276282108447,2.0239685659919626,1059.264866435903,87.3639802906238,129.18771695948266,True,True,25.057737059795272,7.180546052311497,26.056922674179077
1.2844500693756027,0.034708106514656986,1000.6362324278982,3.880534786361493,13.71800436367905,9.143901967389823,-3.270575977197752,-3.755613827424041,1076.3410461987087,64.5056268562017,198.06209749704797,True,True,25.060615858121537,2.9883738576019536,24.377992630004883
0.8448858014499467,0.039065835690725574,451.62484100617627,0.781941119075795,11.763650938640184,58.73974506067984,3.6851427049516943,4.960508868521151,1635.5790263690094,62.67093285533009,121.08862249874609,True,True,24.962631335061587,3.8583406516565986,33.21203541755676
0.24398978243805772,0.03177302319736411,894.3951340668943,3.093012833267078,12.531651298581373,-18.590536160826446,1.8828983561832775,-4.65512132187571,5666.385997573618,68.68255031035642,175.19358158542107,True,True,25.006260860865723,4.031464823468798,85.18223285675049
0.8678517361827989,0.022073888205945354,732.7007352506325,1.6639847553625073,11.175077151059895,-44.71776459188429,4.725445666785678,-4.163790459112512,1594.2684012605066,98.55630893730411,147.38678207919307,True,True,25.32241393762115,9.928460933123016,31.192217111587524
0.6288954153307793,0.017199825938598326,952.488882206965,1.1431648686288156,10.873257964036474,78.23327393250258,3.483522222776685,-1.3347073342016067,2201.881819661555,111.65300907365408,142.54861876341596,True,True,25.018632344944308,16.907797132531854,39.733317613601685
0.3428679311690007,0.04627848065491598,574.5860634653567,3.449896961062007,13.850028043542494,11.690719816089896,0.9105741087980244,2.1576269995105584,4027.894555039142,49.370747898040044,173.4721881419045,True,True,25.541126536993488,1.9191552314226388,64.12711358070374
1.4277064893477471,0.028508357710902973,706.0865617349025,3.791115035793315,8.712381413527382,-75.34931410204095,-1.832858026595448,0.8805470928691284,969.1932514434825,82.23136454032438,260.80206244801826,True,True,24.187225271320585,3.363897275414469,23.981987476348877
1.197487191029564,0.02247039631217599,1379.6271076292062,3.118628092989476,14.170753111039865,35.76173084156082,2.2324575503670108,4.322610710085462,1155.598006669893,100.70655427331528,164.05886077768184,True,True,25.359461542887175,8.60749917602515,26.75417470932007
0.8005909415374943,0.04273923138295996,631.0046516759969,1.5867928565083838,15.191577299805589,-37.765717760817424,-0.0022295979971236335,-3.638642999595717,1725.5527971272536,52.38536687875678,141.5761976588714,True,True,25.01045802927888,2.757112493646998,35.45400309562683
0.2779849992395521,0.04308889252385775,1106.5103888705034,2.977288444446545,14.299248022412499,-31.202412645996027,0.17461160533265918,-4.42657144615921,4969.26412775071,50.71719841354522,178.17689356213864,True,True,25.302555834381565,2.1553415382932406,80.18926405906677
0.4609517792403742,0.02750117658721159,785.2210346163004,1.4887941949917645,8.443262889740463,-77.05763901664056,4.220417204625303,0.4067482149695696,3000.0454452334448,81.39629560628717,157.83516184902808,True,True,25.029978622457747,5.972990668642917,50.75965118408203
1.2057100466400816,0.029828940840063822,1139.0016171456723,2.499264400971568,14.606728344475913,-67.10549442852677,-3.7887918342405094,3.107016008378608,1146.929036425266,74.7624740617565,157.4144790512776,True,True,24.592706039085897,5.090703507248011,26.703601598739624
0.8713830167314697,0.021052579871303316,340.72919876493097,1.190203363728377,6.485563742041831,6.70241696324301,-3.506924426145533,-4.271830183866982,1588.0960209595646,93.57895394903686,187.08219252143348,True,True,25.003216415165753,8.599140546759523,30.74835729598999
1.1840658161790245,0.048428874580451454,1384.7892820980073,0.9888025533004787,7.585251112880994,-39.385184033300014,-3.1093756177793264,-0.8563914533527761,1166.5819365853374,44.718093506846486,135.79418862087348,True,True,25.219358979682738,2.2387634479498977,27.351211309432983
1.4117391864147761,0.04248309444580152,701.448826933434,0.7106540901479699,9.428595918532153,-86.43659045783218,-4.3811567649909495,-1.9217017673074466,978.7239010700952,51.65860731390016,126.39871549484782,True,True,25.0574511149473,3.125526598291124,24.537543535232544
1.1408343233974414,0.04120551854247963,872.4981216931716,2.0975318113429076,11.634394766372743,33.526995431445286,4.39455313105028,3.262168357009047,1211.364632495915,61.46320879885969,129.26282714755928,True,True,24.793529124755196,3.24873081436841,27.09223747253418
0.38035751308973453,0.0352116136773803,1173.30783688843,3.4944820443902116,11.277625455677734,-63.30274246892958,-2.3170085044934545,4.435722141226199,3634.7073437786153,60.90566215578002,226.10260299484162,True,True,24.017575296031282,2.5434354887373036,61.13356924057007
0.20749248747785526,0.030985025277552838,1089.2236575584948,3.2096207446162373,10.341692085312395,-11.564478924646394,-3.4347346592529684,-2.177111171074361,6663.605038085421,65.15387245276784,218.31994382620152,True,True,25.06060949916946,3.4017392823490615,98.13154029846191
0.9009300260407447,0.03452671358307463,1059.5041132526062,2.796943960690404,9.327566990034134,65.95707747272411,4.8378904406785885,-1.1186072408394176,1534.2155965169616,70.0883466159918,194.6603215726938,True,True,24.600393375362728,3.0726297059013916,30.697917222976685
1.238963909658082,0.015227101687618715,1285.0745819249298,0.41206684748307487,8.143929938903296,-46.46832151626023,4.524451021506616,3.8084097154917824,1118.539656017795,125.43654418320227,151.416742278576,True,True,24.89271304345789,20.30905667360404,23.742528200149536
1.3664239414878165,0.026248931918795175,1113.9766025653457,0.6178857818265284,10.538150233897689,81.31338209626676,-4.016512854662693,-2.82679746756774,1012.4881902755892,84.26800934094642,115.60293347665552,True,True,24.758501459432182,8.951710283558649,22.834758520126343
0.5358358244059762,0.04749499941263125,1408.7326017176472,3.71804285842172,12.357824008745274,54.09251944670456,-3.7251105220106373,1.800789749441706,2577.441629866017,43.98855401706873,212.53325323955679,True,True,24.908732050511162,1.487220908173189,45.76129913330078
0.9613040781689829,0.0177146372579449,495.80959405774,3.9879642906926387,10.676240513080211,53.786139305480106,1.422979287496985,-4.521411413011599,1440.1559719374236,110.60452260047198,226.92604501982365,True,True,25.358765138021454,10.01265550467849,29.775039196014404
1.1051133642992323,0.02131206165011019,398.0102227052816,0.22267499066312668,9.654509576249175,2.7016993878478672,-1.5615191519469285,-3.4499491801903264,1252.4688434927943,97.47793811624074,110.2976316039645,True,True,24.901007374955043,14.232494708800038,24.83391284942627
0.3112033658754232,0.04426011655503076,373.24344651149835,0.33833382193423844,7.917767089369934,-61.691868676778356,-0.22179017701773063,-3.583903926663574,4439.000509280225,49.12277142382501,122.74574432496955,True,True,25.086416320575836,2.9652860557575242,68.23939919471741
1.3891613392292559,0.023356964635529328,1038.5620177939404,2.7521495903067668,6.829475997778493,-7.457489955459593,0.7302985439218741,0.7315270784322259,996.1111267518459,98.17468053003861,229.49125773855846,True,True,25.43666572082111,5.6950716606961915,22.85671043395996
1.0286177693909244,0.03712091698372555,1479.2502026583388,3.1578399288378245,7.305875866843387,74.39368502961347,-2.972537686738674,0.3150788044844326,1343.1749924361109,59.09298493316377,259.4504608213891,True,True,24.88415224384653,1.9943726392509293,28.93355131149292
1.0034137092140856,0.016755848699095608,1294.2335964599454,3.2898182536498175,13.485190177847869,88.08629922182072,3.545365764501099,1.2347597902081109,1380.7217827069999,117.23631280622259,192.8437725765224,True,True,25.018127731005052,13.169208281015655,28.101179122924805
0.22970548500053864,0.047074832840266374,1079.8154597116709,2.600919896812517,8.52182506110046,19.585442192975805,-2.557318510224819,1.694710734116514,6012.810413101099,44.83663031059712,226.9369015052272,True,True,25.344809998562596,1.41780156583695,90.31938099861145
0.1997162706497564,0.036035681670711944,318.28058946852724,2.949747050477685,13.000370667770303,-1.9782000546924223,0.08951144526699473,-1.8546120724576172,6920.716037971822,60.0365776371714,183.57687377074046,True,True,25.0466343556825,2.9909881488690813,102.28140783309937
0.5706376581922508,0.04431289168041752,905.014728958402,1.4041190617609571,12.113694909126984,24.9816748524826,3.8713750620994407,-1.6551035072551432,2420.7459532430466,53.9973028784397,129.23456524394894,True,True,25.1145715838893,2.809695636197459,40.53091311454773
0.49999711718458384,0.036535164025947156,867.0269365918065,0.34674468421128296,6.667966370084064,42.668633901386926,-1.3756787292660877,3.7435427603732006,2763.7706524144655,59.85088240302617,129.20339544906028,True,True,25.000526347246478,4.13430103054413,45.63250708580017
0.7018963093911648,0.02908685170774901,446.4217076905892,2.344653079961154,15.742846007480843,-51.302168670693774,-0.6159744287715352,0.5284864501119522,1970.1248190292042,74.50373448758519,149.3041094008345,True,True,25.022051869605548,5.644597132514119,36.51801323890686
0.7177828862803738,0.04350838365433827,479.397730506794,0.6654153497408448,14.109384540086795,-5.63519472793422,-4.843148516041105,3.54624851942795,1924.8378020485954,47.931138013993134,121.86167512958527,True,True,24.918130998482866,3.0909010566309356,36.29193377494812
0.4351052057541661,0.04599459431580702,1143.9806836209725,2.233330529183727,13.341155156085275,45.65271443111706,0.2524744018876648,-2.9514429507471336,3174.5921179522397,48.17460633984726,149.21976280075174,True,True,24.90735917470397,2.258698248541542,51.695509910583496
1.0790462444876523,0.018230364825656705,839.3647417262976,3.008003078710076,9.536302714362423,-81.38953765445063,-0.3864651257280247,2.47705834638996,1283.355051607729,109.53385892337855,213.36272165204605,True,True,24.572972673453705,10.055157634255657,26.56632375717163
0.15284952435780164,0.037986879718924414,1203.238785774879,3.8272706037498807,6.303448356255171,44.673456927003656,-2.118253056694762,-0.16266782906433974,9036.917696420025,55.236862039280105,344.7370858191269,True,True,25.187487409749792,1.4333191268161083,142.5682544708252
1.262384698723368,0.039631348024242286,800.2615026713204,0.2503217655394629,13.231445126259992,-79.89379366150563,2.074495701157404,-0.3092710911853276,1094.655434512592,61.427147421104,124.85654346959727,True,True,24.936231455746338,3.635876712321458,24.15755558013916
0.13291369329153946,0.04950383360818067,1195.8288668132811,2.1330265313213603,11.071512098289832,86.37527801916758,-1.329328639677283,-2.3014763620731964,10391.622034930017,42.83991831445351,175.7087414364222,True,True,25.24906438998096,1.6558733367333305,142.251647233963
1.3178462955849979,0.04509228751957009,351.1754062738649,3.6049405567124313,6.120492520715329,8.058599900647067,1.315733415613729,-3.278199108525526,1048.713339451803,53.20544237548842,285.82960805781636,True,True,24.54290071354626,1.2268356765634278,24.243386268615723
0.5799819861703629,0.019564974793561035,1414.4699672833444,2.401722447095443,10.04344586793487,-59.2114818416041,-4.223429027748244,-4.81864304794996,2386.0149290813847,95.13658691165058,191.67601099210606,True,True,25.02245779205782,9.71788594457234,40.25376653671265
0.9324501815843519,0.02522611953958829,759.5901399832462,2.8356448858811794,15.282911788939723,67.75559350487168,1.6348678503381011,-3.187954115647887,1483.5212252630708,87.42901685243322,168.26021296921266,True,True,25.237092035702062,6.659104228937596,29.476684093475342
1.0183951854920401,0.04046255669529082,685.2832396238371,1.7752243377886092,6.9382322941853225,71.73932237024562,-4.259007393384118,0.14475084862006682,1356.7380418842365,52.663537984754846,172.89538066582327,True,True,24.790119554511648,2.518883685872656,27.617510557174683
1.0965275614541294,0.038939732496691526,849.9880493924768,1.2842827638533991,9.085763328774751,-71.42105827513144,1.2481646445549908,4.146603321934915,1260.1222387760388,61.573711669109585,147.14464902677307,True,True,25.20019783729481,3.1957128188939334,26.575639009475708
1.0475104095874452,0.0231496355617287,1032.6958065140905,2.8789600806226088,14.860040930516888,48.67893143757394,4.255196352387378,-2.7494330590729548,1320.7009595159834,97.28300006038022,141.77733639177745,True,True,25.53759881369615,9.384324480140721,28.15544557571411
0.9789881644012947,0.020551454339409664,1249.6850242625087,1.0689931976395093,9.201519788104545,0.8080005721811432,2.6236590443780408,1.47386779267472,1413.8138830569462,103.42917920050377,130.93275642400195,True,True,25.102988932491826,12.89331858295674,28.68545699119568
0.8258109546980729,0.033740858804387,537.511396981852,2.2977755461988636,8.00135837466455,39.24906878693599,2.395116283639787,4.001209791959216,1674.0783566682799,69.70249009923528,188.9204191541005,True,True,24.662552744879804,3.315178981183118,32.84118294715881
1.4450220719500466,0.01874139254420122,384.1114092623712,1.8586976590268063,12.905583728400657,-16.726002811475837,-4.5586658667738,-0.39383412172665544,958.7199943626413,107.11511543104795,143.80642068416083,True,True,24.832948451275115,14.116146417140152,22.172230005264282
0.6918337835859598,0.03735314216530666,1499.3302636653857,1.946439516465174,15.588492583710684,16.89705552959643,3.3016943533731506,1.3133387530186669,1997.6734154409323,63.360172843737224,129.01119182313087,True,True,24.93585518920804,3.96110611333893,35.716132402420044
